{
  "job-list": [
    {
      "id": "1",
      "title": "ITシステム開発アシスタント",
      "content": "当社修理ラインで使用する基幹業務システムの開発/修正業務のアシスタント業務を行っていただきます。台湾本社のIT部隊が開発を行うためプログラミングスキルはなくても構いません。",
      "price": "@price@",
      "photo": "/attached/20230323100409.png",
      "time": "@time@",
      "address": "@address@",
      "Type_of_employment": "契約社員　(正社員への登用あり)",
      "Work_location": "東京都 江東区新砂2-2-11 佐川東京ロジスティクスセンター５F",
      "Job_responsibilities": "当社修理ラインで使用する基幹業務システムの開発/保守を担当している@@@担当ITプロジェクトマネージャーのアシスタント業務を行っていただきます。@@@@@@台湾本社のIT部隊が開発を行うためプログラミングスキルはなくても構いません。@@@本社との円滑なコミュニケーションが必要となるため、中国語が必須条件となります。",
      "Job_requirements": "■必須@@@　1. IT全般に関わる知識@@@　2. スケジュール管理スキル@@@　3. Excelを使ったデータ整理スキル@@@　4. Powerpointを使った・資料作成スキル@@@　5. 論理的思考力@@@@@@■尚可@@@　1. システム開発・維持に関する知識",
      "Language_skills": "日本語：　必須　　ネイティブ or N2以上(外国人の場合)@@@中国語：　必須　　ネイティブ歓迎@@@英語：　　 尚可    TOEIC  650以上",
      "Working_hours": "休日：　　　　週休二日@@@勤務時間：　フレックス勤務　以下から選択@@@　　　　　　　　　　8:00 - 17:00@@@                    8:30 - 17:30@@@                    9:00 - 18:00@@@残業：　　　　あり (繁忙期)",
      "Probationary_period": "あり　(6ヶ月)　@@@雇用条件は本採用時と同じ",
      "Salary": "月給 200,000円 ～　　　　※個人のスキル・経験・個人評価により応交渉",
      "start_date": "0000-00-00 00:00:00",
      "end_date": "0000-00-00 00:00:00",
      "isPublic": "1",
      "uploader": "Jizhong_Xia",
      "isDelete": "0",
      "create_date": "0000-00-00 00:00:00",
      "update_date": "0000-00-00 00:00:00"
    },
    {
      "id": "2",
      "title": "2ITシステム開発アシスタント",
      "content": "2当社修理ラインで使用する基幹業務システムの開発/修正業務のアシスタント業務を行っていただきます。台湾本社のIT部隊が開発を行うためプログラミングスキルはなくても構いません。",
      "price": "@price@",
      "photo": "/attached/20230323100409.png",
      "time": "@time@",
      "address": "@address@",
      "Type_of_employment": "契約社員　(正社員への登用あり)",
      "Work_location": "東京都 江東区新砂2-2-11 佐川東京ロジスティクスセンター５F",
      "Job_responsibilities": "当社修理ラインで使用する基幹業務システムの開発/保守を担当している@@@担当ITプロジェクトマネージャーのアシスタント業務を行っていただきます。@@@@@@台湾本社のIT部隊が開発を行うためプログラミングスキルはなくても構いません。@@@本社との円滑なコミュニケーションが必要となるため、中国語が必須条件となります。",
      "Job_requirements": "■必須@@@　1. IT全般に関わる知識@@@　2. スケジュール管理スキル@@@　3. Excelを使ったデータ整理スキル@@@　4. Powerpointを使った・資料作成スキル@@@　5. 論理的思考力@@@@@@■尚可@@@　1. システム開発・維持に関する知識",
      "Language_skills": "日本語：　必須　　ネイティブ or N2以上(外国人の場合)@@@中国語：　必須　　ネイティブ歓迎@@@英語：　　 尚可    TOEIC  650以上",
      "Working_hours": "休日：　　　　週休二日@@@勤務時間：　フレックス勤務　以下から選択@@@　　　　　　　　　　8:00 - 17:00@@@                    8:30 - 17:30@@@                    9:00 - 18:00@@@残業：　　　　あり (繁忙期)",
      "Probationary_period": "あり　(6ヶ月)　@@@雇用条件は本採用時と同じ",
      "Salary": "月給 200,000円 ～　　　　※個人のスキル・経験・個人評価により応交渉",
      "start_date": "0000-00-00 00:00:00",
      "end_date": "0000-00-00 00:00:00",
      "isPublic": "1",
      "uploader": "Jizhong_Xia",
      "isDelete": "0",
      "create_date": "0000-00-00 00:00:00",
      "update_date": "0000-00-00 00:00:00"
    },
    {
      "id": "3",
      "title": "3ITシステム開発アシスタント",
      "content": "3当社修理ラインで使用する基幹業務システムの開発/修正業務のアシスタント業務を行っていただきます。台湾本社のIT部隊が開発を行うためプログラミングスキルはなくても構いません。",
      "price": "@price@",
      "photo": "/attached/20230323100409.png",
      "time": "@time@",
      "address": "@address@",
      "Type_of_employment": "契約社員　(正社員への登用あり)",
      "Work_location": "東京都 江東区新砂2-2-11 佐川東京ロジスティクスセンター５F",
      "Job_responsibilities": "当社修理ラインで使用する基幹業務システムの開発/保守を担当している@@@担当ITプロジェクトマネージャーのアシスタント業務を行っていただきます。@@@@@@台湾本社のIT部隊が開発を行うためプログラミングスキルはなくても構いません。@@@本社との円滑なコミュニケーションが必要となるため、中国語が必須条件となります。",
      "Job_requirements": "■必須@@@　1. IT全般に関わる知識@@@　2. スケジュール管理スキル@@@　3. Excelを使ったデータ整理スキル@@@　4. Powerpointを使った・資料作成スキル@@@　5. 論理的思考力@@@@@@■尚可@@@　1. システム開発・維持に関する知識",
      "Language_skills": "日本語：　必須　　ネイティブ or N2以上(外国人の場合)@@@中国語：　必須　　ネイティブ歓迎@@@英語：　　 尚可    TOEIC  650以上",
      "Working_hours": "休日：　　　　週休二日@@@勤務時間：　フレックス勤務　以下から選択@@@　　　　　　　　　　8:00 - 17:00@@@                    8:30 - 17:30@@@                    9:00 - 18:00@@@残業：　　　　あり (繁忙期)",
      "Probationary_period": "あり　(6ヶ月)　@@@雇用条件は本採用時と同じ",
      "Salary": "月給 200,000円 ～　　　　※個人のスキル・経験・個人評価により応交渉",
      "start_date": "0000-00-00 00:00:00",
      "end_date": "0000-00-00 00:00:00",
      "isPublic": "1",
      "uploader": "Jizhong_Xia",
      "isDelete": "0",
      "create_date": "0000-00-00 00:00:00",
      "update_date": "0000-00-00 00:00:00"
    },
    {
      "id": "4",
      "title": "4ITシステム開発アシスタント",
      "content": "4当社修理ラインで使用する基幹業務システムの開発/修正業務のアシスタント業務を行っていただきます。台湾本社のIT部隊が開発を行うためプログラミングスキルはなくても構いません。",
      "price": "@price@",
      "photo": "/attached/20230323100409.png",
      "time": "@time@",
      "address": "@address@",
      "Type_of_employment": "契約社員　(正社員への登用あり)",
      "Work_location": "東京都 江東区新砂2-2-11 佐川東京ロジスティクスセンター５F",
      "Job_responsibilities": "当社修理ラインで使用する基幹業務システムの開発/保守を担当している@@@担当ITプロジェクトマネージャーのアシスタント業務を行っていただきます。@@@@@@台湾本社のIT部隊が開発を行うためプログラミングスキルはなくても構いません。@@@本社との円滑なコミュニケーションが必要となるため、中国語が必須条件となります。",
      "Job_requirements": "■必須@@@　1. IT全般に関わる知識@@@　2. スケジュール管理スキル@@@　3. Excelを使ったデータ整理スキル@@@　4. Powerpointを使った・資料作成スキル@@@　5. 論理的思考力@@@@@@■尚可@@@　1. システム開発・維持に関する知識",
      "Language_skills": "日本語：　必須　　ネイティブ or N2以上(外国人の場合)@@@中国語：　必須　　ネイティブ歓迎@@@英語：　　 尚可    TOEIC  650以上",
      "Working_hours": "休日：　　　　週休二日@@@勤務時間：　フレックス勤務　以下から選択@@@　　　　　　　　　　8:00 - 17:00@@@                    8:30 - 17:30@@@                    9:00 - 18:00@@@残業：　　　　あり (繁忙期)",
      "Probationary_period": "あり　(6ヶ月)　@@@雇用条件は本採用時と同じ",
      "Salary": "月給 200,000円 ～　　　　※個人のスキル・経験・個人評価により応交渉",
      "start_date": "0000-00-00 00:00:00",
      "end_date": "0000-00-00 00:00:00",
      "isPublic": "1",
      "uploader": "Jizhong_Xia",
      "isDelete": "0",
      "create_date": "0000-00-00 00:00:00",
      "update_date": "0000-00-00 00:00:00"
    },
    {
      "id": "5",
      "title": "5ITシステム開発アシスタント",
      "content": "5当社修理ラインで使用する基幹業務システムの開発/修正業務のアシスタント業務を行っていただきます。台湾本社のIT部隊が開発を行うためプログラミングスキルはなくても構いません。",
      "price": "@price@",
      "photo": "/attached/20230323100409.png",
      "time": "@time@",
      "address": "@address@",
      "Type_of_employment": "契約社員　(正社員への登用あり)",
      "Work_location": "東京都 江東区新砂2-2-11 佐川東京ロジスティクスセンター５F",
      "Job_responsibilities": "当社修理ラインで使用する基幹業務システムの開発/保守を担当している@@@担当ITプロジェクトマネージャーのアシスタント業務を行っていただきます。@@@@@@台湾本社のIT部隊が開発を行うためプログラミングスキルはなくても構いません。@@@本社との円滑なコミュニケーションが必要となるため、中国語が必須条件となります。",
      "Job_requirements": "■必須@@@　1. IT全般に関わる知識@@@　2. スケジュール管理スキル@@@　3. Excelを使ったデータ整理スキル@@@　4. Powerpointを使った・資料作成スキル@@@　5. 論理的思考力@@@@@@■尚可@@@　1. システム開発・維持に関する知識",
      "Language_skills": "日本語：　必須　　ネイティブ or N2以上(外国人の場合)@@@中国語：　必須　　ネイティブ歓迎@@@英語：　　 尚可    TOEIC  650以上",
      "Working_hours": "休日：　　　　週休二日@@@勤務時間：　フレックス勤務　以下から選択@@@　　　　　　　　　　8:00 - 17:00@@@                    8:30 - 17:30@@@                    9:00 - 18:00@@@残業：　　　　あり (繁忙期)",
      "Probationary_period": "あり　(6ヶ月)　@@@雇用条件は本採用時と同じ",
      "Salary": "月給 200,000円 ～　　　　※個人のスキル・経験・個人評価により応交渉",
      "start_date": "0000-00-00 00:00:00",
      "end_date": "0000-00-00 00:00:00",
      "isPublic": "1",
      "uploader": "Jizhong_Xia",
      "isDelete": "0",
      "create_date": "0000-00-00 00:00:00",
      "update_date": "0000-00-00 00:00:00"
    },
    {
      "id": "6",
      "title": "6ITシステム開発アシスタント",
      "content": "6当社修理ラインで使用する基幹業務システムの開発/修正業務のアシスタント業務を行っていただきます。台湾本社のIT部隊が開発を行うためプログラミングスキルはなくても構いません。",
      "price": "@price@",
      "photo": "/attached/20230323100409.png",
      "time": "@time@",
      "address": "@address@",
      "Type_of_employment": "契約社員　(正社員への登用あり)",
      "Work_location": "東京都 江東区新砂2-2-11 佐川東京ロジスティクスセンター５F",
      "Job_responsibilities": "当社修理ラインで使用する基幹業務システムの開発/保守を担当している@@@担当ITプロジェクトマネージャーのアシスタント業務を行っていただきます。@@@@@@台湾本社のIT部隊が開発を行うためプログラミングスキルはなくても構いません。@@@本社との円滑なコミュニケーションが必要となるため、中国語が必須条件となります。",
      "Job_requirements": "■必須@@@　1. IT全般に関わる知識@@@　2. スケジュール管理スキル@@@　3. Excelを使ったデータ整理スキル@@@　4. Powerpointを使った・資料作成スキル@@@　5. 論理的思考力@@@@@@■尚可@@@　1. システム開発・維持に関する知識",
      "Language_skills": "日本語：　必須　　ネイティブ or N2以上(外国人の場合)@@@中国語：　必須　　ネイティブ歓迎@@@英語：　　 尚可    TOEIC  650以上",
      "Working_hours": "休日：　　　　週休二日@@@勤務時間：　フレックス勤務　以下から選択@@@　　　　　　　　　　8:00 - 17:00@@@                    8:30 - 17:30@@@                    9:00 - 18:00@@@残業：　　　　あり (繁忙期)",
      "Probationary_period": "あり　(6ヶ月)　@@@雇用条件は本採用時と同じ",
      "Salary": "月給 200,000円 ～　　　　※個人のスキル・経験・個人評価により応交渉",
      "start_date": "0000-00-00 00:00:00",
      "end_date": "0000-00-00 00:00:00",
      "isPublic": "1",
      "uploader": "Jizhong_Xia",
      "isDelete": "0",
      "create_date": "0000-00-00 00:00:00",
      "update_date": "0000-00-00 00:00:00"
    }
  ],
  "job-detail": [
    {
      "job-id": "1",
      "job-type": "契約社員　(正社員への登用あり)",
      "place": "東京都 江東区新砂2-2-11 佐川東京ロジスティクスセンター５F",
      "job-content": "当社修理ラインで使用する基幹業務システムの開発/保守を担当している担当ITプロジェクトマネージャーのアシスタント業務を行っていただきます。台湾本社のIT部隊が開発を行うためプログラミングスキルはなくても構いません。本社との円滑なコミュニケーションが必要となるため、中国語が必須条件となります。",
      "skill": "■必須\n　1. IT全般に関わる知識\n　2. スケジュール管理スキル\n　3. Excelを使ったデータ整理スキル\n　4. Powerpointを使った・資料作成スキル\n　5. 論理的思考力\n\n■尚可\n　1. システム開発・維持に関する知識",
      "required": "日本語：　必須　　ネイティブ or N2以上(外国人の場合)\n中国語：　必須　　ネイティブ歓迎\n英語：　　 尚可    TOEIC  650以上",
      "time": "休日：　　　　週休二日\n勤務時間：　フレックス勤務　以下から選択\n　　　　　　　　　　　8:00 - 17:00\n              　   8:30 - 17:30\n              　   9:00 - 18:00\n残業：　　　　あり (繁忙期)",
      "probation": "あり　(6ヶ月)　",
      "salary": "個人のスキル・経験により応交渉",
      "id": 1
    },
    {
      "job-id": "2",
      "job-type": "2契約社員　(正社員への登用あり)",
      "place": "2東京都 江東区新砂2-2-11 佐川東京ロジスティクスセンター５F",
      "job-content": "2当社修理ラインで使用する基幹業務システムの開発/保守を担当している担当ITプロジェクトマネージャーのアシスタント業務を行っていただきます。台湾本社のIT部隊が開発を行うためプログラミングスキルはなくても構いません。本社との円滑なコミュニケーションが必要となるため、中国語が必須条件となります。",
      "skill": "2■必須\n　1. IT全般に関わる知識\n　2. スケジュール管理スキル\n　3. Excelを使ったデータ整理スキル\n　4. Powerpointを使った・資料作成スキル\n　5. 論理的思考力\n\n■尚可\n　1. システム開発・維持に関する知識",
      "required": "2日本語：　必須　　ネイティブ or N2以上(外国人の場合)\n中国語：　必須　　ネイティブ歓迎\n英語：　　 尚可    TOEIC  650以上",
      "time": "2休日：　　　　週休二日\n勤務時間：　フレックス勤務　以下から選択\n　　　　　　　　　　　8:00 - 17:00\n              　   8:30 - 17:30\n              　   9:00 - 18:00\n残業：　　　　あり (繁忙期)",
      "probation": "2あり　(6ヶ月)　",
      "salary": "2個人のスキル・経験により応交渉",
      "id": 2
    },
    {
      "job-id": "3",
      "job-type": "3契約社員　(正社員への登用あり)",
      "place": "3東京都 江東区新砂2-2-11 佐川東京ロジスティクスセンター５F",
      "job-content": "3当社修理ラインで使用する基幹業務システムの開発/保守を担当している担当ITプロジェクトマネージャーのアシスタント業務を行っていただきます。台湾本社のIT部隊が開発を行うためプログラミングスキルはなくても構いません。本社との円滑なコミュニケーションが必要となるため、中国語が必須条件となります。",
      "skill": "3■必須\n　1. IT全般に関わる知識\n　2. スケジュール管理スキル\n　3. Excelを使ったデータ整理スキル\n　4. Powerpointを使った・資料作成スキル\n　5. 論理的思考力\n\n■尚可\n　1. システム開発・維持に関する知識",
      "required": "3日本語：　必須　　ネイティブ or N2以上(外国人の場合)\n中国語：　必須　　ネイティブ歓迎\n英語：　　 尚可    TOEIC  650以上",
      "time": "3休日：　　　　週休二日\n勤務時間：　フレックス勤務　以下から選択\n　　　　　　　　　　　8:00 - 17:00\n              　   8:30 - 17:30\n              　   9:00 - 18:00\n残業：　　　　あり (繁忙期)",
      "probation": "3あり　(6ヶ月)　",
      "salary": "3個人のスキル・経験により応交渉",
      "id": 3
    },
    {
      "job-id": "4",
      "job-type": "4契約社員　(正社員への登用あり)",
      "place": "4東京都 江東区新砂2-2-11 佐川東京ロジスティクスセンター５F",
      "job-content": "4当社修理ラインで使用する基幹業務システムの開発/保守を担当している担当ITプロジェクトマネージャーのアシスタント業務を行っていただきます。台湾本社のIT部隊が開発を行うためプログラミングスキルはなくても構いません。本社との円滑なコミュニケーションが必要となるため、中国語が必須条件となります。",
      "skill": "4■必須\n　1. IT全般に関わる知識\n　2. スケジュール管理スキル\n　3. Excelを使ったデータ整理スキル\n　4. Powerpointを使った・資料作成スキル\n　5. 論理的思考力\n\n■尚可\n　1. システム開発・維持に関する知識",
      "required": "4日本語：　必須　　ネイティブ or N2以上(外国人の場合)\n中国語：　必須　　ネイティブ歓迎\n英語：　　 尚可    TOEIC  650以上",
      "time": "4休日：　　　　週休二日\n勤務時間：　フレックス勤務　以下から選択\n　　　　　　　　　　　8:00 - 17:00\n              　   8:30 - 17:30\n              　   9:00 - 18:00\n残業：　　　　あり (繁忙期)",
      "probation": "4あり　(6ヶ月)　",
      "salary": "4個人のスキル・経験により応交渉",
      "id": 4
    },
    {
      "job-id": "5",
      "job-type": "5契約社員　(正社員への登用あり)",
      "place": "5東京都 江東区新砂2-2-11 佐川東京ロジスティクスセンター５F",
      "job-content": "5当社修理ラインで使用する基幹業務システムの開発/保守を担当している担当ITプロジェクトマネージャーのアシスタント業務を行っていただきます。台湾本社のIT部隊が開発を行うためプログラミングスキルはなくても構いません。本社との円滑なコミュニケーションが必要となるため、中国語が必須条件となります。",
      "skill": "5■必須\n　1. IT全般に関わる知識\n　2. スケジュール管理スキル\n　3. Excelを使ったデータ整理スキル\n　4. Powerpointを使った・資料作成スキル\n　5. 論理的思考力\n\n■尚可\n　1. システム開発・維持に関する知識",
      "required": "5日本語：　必須　　ネイティブ or N2以上(外国人の場合)\n中国語：　必須　　ネイティブ歓迎\n英語：　　 尚可    TOEIC  650以上",
      "time": "5休日：　　　　週休二日\n勤務時間：　フレックス勤務　以下から選択\n　　　　　　　　　　　8:00 - 17:00\n              　   8:30 - 17:30\n              　   9:00 - 18:00\n残業：　　　　あり (繁忙期)",
      "probation": "5あり　(6ヶ月)　",
      "salary": "5個人のスキル・経験により応交渉",
      "id": 5
    },
    {
      "job-id": "6",
      "job-type": "6契約社員　(正社員への登用あり)",
      "place": "6東京都 江東区新砂2-2-11 佐川東京ロジスティクスセンター５F",
      "job-content": "6当社修理ラインで使用する基幹業務システムの開発/保守を担当している担当ITプロジェクトマネージャーのアシスタント業務を行っていただきます。台湾本社のIT部隊が開発を行うためプログラミングスキルはなくても構いません。本社との円滑なコミュニケーションが必要となるため、中国語が必須条件となります。",
      "skill": "6■必須\n　1. IT全般に関わる知識\n　2. スケジュール管理スキル\n　3. Excelを使ったデータ整理スキル\n　4. Powerpointを使った・資料作成スキル\n　5. 論理的思考力\n\n■尚可\n　1. システム開発・維持に関する知識",
      "required": "6日本語：　必須　　ネイティブ or N2以上(外国人の場合)\n中国語：　必須　　ネイティブ歓迎\n英語：　　 尚可    TOEIC  650以上",
      "time": "6休日：　　　　週休二日\n勤務時間：　フレックス勤務　以下から選択\n　　　　　　　　　　　8:00 - 17:00\n              　   8:30 - 17:30\n              　   9:00 - 18:00\n残業：　　　　あり (繁忙期)",
      "probation": "6あり　(6ヶ月)　",
      "salary": "6個人のスキル・経験により応交渉",
      "id": 6
    }
  ],
  "entry": [
    {
      "id": "0",
      "Desired_Occupation": "@Desired_Occupation@<input type=\"hidden\" value=\"0\">",
      "Kanji_Last_Name": "@Kanji_Last_Name@",
      "Kanji_First_Name": "@Kanji_First_Name@",
      "Kana_Last_Name": "@Kana_Last_Name@",
      "Kana_First_Name": "@Kana_First_Name@",
      "Alphabet_Last_Name": "@Alphabet_Last_Name@",
      "Alphabet_First_Name": "@Alphabet_First_Name@",
      "ZipCode": "@ZipCode@",
      "Address": "@Address@",
      "Email": "@Email@",
      "Final_Education": "@Final_Education@",
      "Department_Faculty": "@Department_Faculty@",
      "Current_Occupation": "@Current_Occupation@",
      "Resume": "@Resume@",
      "create_date": "-0001年11月30日(火)",
      "update_date": "-0001年11月30日(火)"
    },
    {
      "Desired_Occupation": "ITシステム開発アシスタント",
      "Kanji_Last_Name": "グエン",
      "Kanji_First_Name": "ダン",
      "Kana_Last_Name": "グエン",
      "Kana_First_Name": "ダン",
      "Alphabet_Last_Name": "NGUYEN",
      "Alphabet_First_Name": "DAN",
      "ZipCode": "123",
      "Address": "千葉県市川市南行徳１－１７－１２",
      "Email": "dancntt.tn@gmail.com",
      "Final_Education": "大学院(修士課程)",
      "Department_Faculty": "IT",
      "Current_Occupation": "",
      "Resume": "C:\\fakepath\\JQuery-tieng-viet.pdf",
      "id": "uLGfpnC"
    },
    {
      "Desired_Occupation": "ITシステム開発アシスタント",
      "Kanji_Last_Name": "1",
      "Kanji_First_Name": "2",
      "Kana_Last_Name": "3",
      "Kana_First_Name": "4",
      "Alphabet_Last_Name": "5",
      "Alphabet_First_Name": "6",
      "ZipCode": "132",
      "Address": "千葉県",
      "Email": "dancntt.tn@gmail.com",
      "Final_Education": "大学院(修士課程)",
      "Department_Faculty": "IT",
      "Current_Occupation": "",
      "Resume": "C:\\fakepath\\JQuery-tieng-viet.pdf",
      "id": "GLfk1w5"
    }
  ],
  "inquiry":
  [
    {
      "id": "0",
      "Category": "@Category@<input type=\"hidden\" value=\"0\">",
      "Last_Name": "@Last_Name@",
      "First_Name": "@First_Name@",
      "Email": "@Email@",
      "Company_Name": "@Company_Name@",
      "Subject": "@Subject@",
      "Content": "@Content@",
      "create_date": "-0001年11月30日(火)",
      "update_date": "-0001年11月30日(火)"
    }
  ]
}