{
  "job-list": [
    {
      "title": "ITシステム開発アシスタント",
      "sumary": "当社修理ラインで使用する基幹業務システムの開発/修正業務のアシスタント業務を行っていただきます。\\n                                    台湾本社のIT部隊が開発を行うためプログラミングスキルはなくても構いません。",
      "new": "New",
      "image": "ITdevelopment.jpg",
      "id": 1
    },
    {
      "title": "ITネットワーク・サーバー開発・保守",
      "sumary": "当社のITネットワーク・サーバー保守管理の仕事を担当していただきます。 しっかり仕事が出来る様になるまで安心の研修があります。 未経験な方でもITの知識・興味を持ちましたら、是非安心して応募ください。",
      "new": "",
      "image": "ITNetwork.jpg",
      "id": 2
    },
    {
      "title": "IT Project Management",
      "sumary": "プロジェクト責任者として、社内プロジェクト・顧客との連携・台湾本社との関連業務等を幅広くご担当いただきます",
      "new": "",
      "image": "ITProjectManager.jpg",
      "id": 3
    },
    {
      "title": "倉庫スタッフ（出入荷、検品、棚卸、PC入力等）",
      "sumary": "スマホ・パソコン、倉庫内軽作業（出入荷、検品、棚卸、PC入力等）を担当していただきます。\\n                                    扱っている商品は、「パーツ」や「ノート」、「スマホ」など小さいものが多く、重さも気にならず、\\n                                    どなたでも簡単に扱えるものばかりです",
      "new": "",
      "image": "warehouse.jpg",
      "id": 4
    },
    {
      "title": "パソコンの検査・修理・入出荷業務",
      "sumary": "入出荷作業・検査作業・分解組立作業・故障診断作業をお任せします。応募者のご希望やご経験・適性に応じて配属を振り分けます。 入社後に研修があるので、パソコンに興味ある初心者でも大歓迎です",
      "new": "",
      "image": "job-list3.jpg",
      "id": 5
    },
    {
      "title": "スマートフォンの検査・修理・入出荷業務",
      "sumary": "入出荷作業・検査作業・分解組立作業・故障診断作業をお任せします。応募者のご希望やご経験・適性に応じて配属を振り分けます。 入社後に研修があるので、スマートフォンに興味がある初心者でも大歓迎です。",
      "new": "",
      "image": "job-list4.png",
      "id": 6
    }
  ],
  "job-detail": [
    {
      "job-id": "1",
      "job-type": "契約社員　(正社員への登用あり)",
      "place": "東京都 江東区新砂2-2-11 佐川東京ロジスティクスセンター５F",
      "job-content": "当社修理ラインで使用する基幹業務システムの開発/保守を担当している担当ITプロジェクトマネージャーのアシスタント業務を行っていただきます。台湾本社のIT部隊が開発を行うためプログラミングスキルはなくても構いません。本社との円滑なコミュニケーションが必要となるため、中国語が必須条件となります。",
      "skill": "■必須\n　1. IT全般に関わる知識\n　2. スケジュール管理スキル\n　3. Excelを使ったデータ整理スキル\n　4. Powerpointを使った・資料作成スキル\n　5. 論理的思考力\n\n■尚可\n　1. システム開発・維持に関する知識",
      "required": "日本語：　必須　　ネイティブ or N2以上(外国人の場合)\n中国語：　必須　　ネイティブ歓迎\n英語：　　 尚可    TOEIC  650以上",
      "time": "休日：　　　　週休二日\n勤務時間：　フレックス勤務　以下から選択\n　　　　　　　　　　　8:00 - 17:00\n              　   8:30 - 17:30\n              　   9:00 - 18:00\n残業：　　　　あり (繁忙期)",
      "probation": "あり　(6ヶ月)　",
      "salary": "個人のスキル・経験により応交渉",
      "id": 1
    },
    {
      "job-id": "2",
      "job-type": "2契約社員　(正社員への登用あり)",
      "place": "2東京都 江東区新砂2-2-11 佐川東京ロジスティクスセンター５F",
      "job-content": "2当社修理ラインで使用する基幹業務システムの開発/保守を担当している担当ITプロジェクトマネージャーのアシスタント業務を行っていただきます。台湾本社のIT部隊が開発を行うためプログラミングスキルはなくても構いません。本社との円滑なコミュニケーションが必要となるため、中国語が必須条件となります。",
      "skill": "2■必須\n　1. IT全般に関わる知識\n　2. スケジュール管理スキル\n　3. Excelを使ったデータ整理スキル\n　4. Powerpointを使った・資料作成スキル\n　5. 論理的思考力\n\n■尚可\n　1. システム開発・維持に関する知識",
      "required": "2日本語：　必須　　ネイティブ or N2以上(外国人の場合)\n中国語：　必須　　ネイティブ歓迎\n英語：　　 尚可    TOEIC  650以上",
      "time": "2休日：　　　　週休二日\n勤務時間：　フレックス勤務　以下から選択\n　　　　　　　　　　　8:00 - 17:00\n              　   8:30 - 17:30\n              　   9:00 - 18:00\n残業：　　　　あり (繁忙期)",
      "probation": "2あり　(6ヶ月)　",
      "salary": "2個人のスキル・経験により応交渉",
      "id": 2
    },
    {
      "job-id": "3",
      "job-type": "3契約社員　(正社員への登用あり)",
      "place": "3東京都 江東区新砂2-2-11 佐川東京ロジスティクスセンター５F",
      "job-content": "3当社修理ラインで使用する基幹業務システムの開発/保守を担当している担当ITプロジェクトマネージャーのアシスタント業務を行っていただきます。台湾本社のIT部隊が開発を行うためプログラミングスキルはなくても構いません。本社との円滑なコミュニケーションが必要となるため、中国語が必須条件となります。",
      "skill": "3■必須\n　1. IT全般に関わる知識\n　2. スケジュール管理スキル\n　3. Excelを使ったデータ整理スキル\n　4. Powerpointを使った・資料作成スキル\n　5. 論理的思考力\n\n■尚可\n　1. システム開発・維持に関する知識",
      "required": "3日本語：　必須　　ネイティブ or N2以上(外国人の場合)\n中国語：　必須　　ネイティブ歓迎\n英語：　　 尚可    TOEIC  650以上",
      "time": "3休日：　　　　週休二日\n勤務時間：　フレックス勤務　以下から選択\n　　　　　　　　　　　8:00 - 17:00\n              　   8:30 - 17:30\n              　   9:00 - 18:00\n残業：　　　　あり (繁忙期)",
      "probation": "3あり　(6ヶ月)　",
      "salary": "3個人のスキル・経験により応交渉",
      "id": 3
    },
    {
      "job-id": "4",
      "job-type": "4契約社員　(正社員への登用あり)",
      "place": "4東京都 江東区新砂2-2-11 佐川東京ロジスティクスセンター５F",
      "job-content": "4当社修理ラインで使用する基幹業務システムの開発/保守を担当している担当ITプロジェクトマネージャーのアシスタント業務を行っていただきます。台湾本社のIT部隊が開発を行うためプログラミングスキルはなくても構いません。本社との円滑なコミュニケーションが必要となるため、中国語が必須条件となります。",
      "skill": "4■必須\n　1. IT全般に関わる知識\n　2. スケジュール管理スキル\n　3. Excelを使ったデータ整理スキル\n　4. Powerpointを使った・資料作成スキル\n　5. 論理的思考力\n\n■尚可\n　1. システム開発・維持に関する知識",
      "required": "4日本語：　必須　　ネイティブ or N2以上(外国人の場合)\n中国語：　必須　　ネイティブ歓迎\n英語：　　 尚可    TOEIC  650以上",
      "time": "4休日：　　　　週休二日\n勤務時間：　フレックス勤務　以下から選択\n　　　　　　　　　　　8:00 - 17:00\n              　   8:30 - 17:30\n              　   9:00 - 18:00\n残業：　　　　あり (繁忙期)",
      "probation": "4あり　(6ヶ月)　",
      "salary": "4個人のスキル・経験により応交渉",
      "id": 4
    },
    {
      "job-id": "5",
      "job-type": "5契約社員　(正社員への登用あり)",
      "place": "5東京都 江東区新砂2-2-11 佐川東京ロジスティクスセンター５F",
      "job-content": "5当社修理ラインで使用する基幹業務システムの開発/保守を担当している担当ITプロジェクトマネージャーのアシスタント業務を行っていただきます。台湾本社のIT部隊が開発を行うためプログラミングスキルはなくても構いません。本社との円滑なコミュニケーションが必要となるため、中国語が必須条件となります。",
      "skill": "5■必須\n　1. IT全般に関わる知識\n　2. スケジュール管理スキル\n　3. Excelを使ったデータ整理スキル\n　4. Powerpointを使った・資料作成スキル\n　5. 論理的思考力\n\n■尚可\n　1. システム開発・維持に関する知識",
      "required": "5日本語：　必須　　ネイティブ or N2以上(外国人の場合)\n中国語：　必須　　ネイティブ歓迎\n英語：　　 尚可    TOEIC  650以上",
      "time": "5休日：　　　　週休二日\n勤務時間：　フレックス勤務　以下から選択\n　　　　　　　　　　　8:00 - 17:00\n              　   8:30 - 17:30\n              　   9:00 - 18:00\n残業：　　　　あり (繁忙期)",
      "probation": "5あり　(6ヶ月)　",
      "salary": "5個人のスキル・経験により応交渉",
      "id": 5
    },
    {
      "job-id": "6",
      "job-type": "6契約社員　(正社員への登用あり)",
      "place": "6東京都 江東区新砂2-2-11 佐川東京ロジスティクスセンター５F",
      "job-content": "6当社修理ラインで使用する基幹業務システムの開発/保守を担当している担当ITプロジェクトマネージャーのアシスタント業務を行っていただきます。台湾本社のIT部隊が開発を行うためプログラミングスキルはなくても構いません。本社との円滑なコミュニケーションが必要となるため、中国語が必須条件となります。",
      "skill": "6■必須\n　1. IT全般に関わる知識\n　2. スケジュール管理スキル\n　3. Excelを使ったデータ整理スキル\n　4. Powerpointを使った・資料作成スキル\n　5. 論理的思考力\n\n■尚可\n　1. システム開発・維持に関する知識",
      "required": "6日本語：　必須　　ネイティブ or N2以上(外国人の場合)\n中国語：　必須　　ネイティブ歓迎\n英語：　　 尚可    TOEIC  650以上",
      "time": "6休日：　　　　週休二日\n勤務時間：　フレックス勤務　以下から選択\n　　　　　　　　　　　8:00 - 17:00\n              　   8:30 - 17:30\n              　   9:00 - 18:00\n残業：　　　　あり (繁忙期)",
      "probation": "6あり　(6ヶ月)　",
      "salary": "6個人のスキル・経験により応交渉",
      "id": 6
    }
  ]
}